{"cameraMode":{"drawMode":0,"name":"Shaded","section":"Shading Mode"},"sceneLighting":false,"audioPlay":false,"sceneViewState":{"showFog":true,"showMaterialUpdate":false,"showSkybox":false,"showFlares":true,"showImageEffects":true,"showParticleSystems":true,"showVisualEffectGraphs":true,"m_FxEnabled":true},"in2DMode":false,"pivot":{"x":-1.292833924293518,"y":1.0391278266906739,"z":-0.21464991569519044},"rotation":{"x":-0.017194679006934167,"y":0.9046007394790649,"z":-0.03665638715028763,"w":-0.42432448267936709},"size":3.2723286151885988,"orthographic":false}